PRN,Name,Email
201,Aaron Stone,aaron.stone@example.com
202,Bella Swan,bella.swan@example.com
203,Caleb Prior,caleb.prior@example.com
204,Daisy Johnson,daisy.johnson@example.com
205,Ethan Hunt,ethan.hunt@example.com
206,Faith Connors,faith.connors@example.com
207,Gavin Reed,gavin.reed@example.com
208,Haley Dunphy,haley.dunphy@example.com
209,Isaac Clarke,isaac.clarke@example.com
210,Julia Child,julia.child@example.com
211,Kevin Hart,kevin.hart@example.com
212,Laura Croft,laura.croft@example.com
213,Mason Mount,mason.mount@example.com
214,Nina Dobrev,nina.dobrev@example.com
215,Oliver Queen,oliver.queen@example.com
216,Piper Halliwell,piper.halliwell@example.com
217,Quentin Lance,quentin.lance@example.com
218,Rachel Green,rachel.green@example.com
219,Sam Winchester,sam.winchester@example.com
220,Tina Belcher,tina.belcher@example.com
