prn,name,email
202600000000001,Aarav Patel,aarav.patel1@student.local
202600000000002,Vihaan Sharma,vihaan.sharma2@student.local
202600000000003,Aditya Verma,aditya.verma3@student.local
202600000000004,Arjun Singh,arjun.singh4@student.local
202600000000005,Sai Kiran,sai.kiran5@student.local
202600000000006,Rohan Desai,rohan.desai6@student.local
202600000000007,Krishna Mehta,krishna.mehta7@student.local
202600000000008,Ishaan Kulkarni,ishaan.kulkarni8@student.local
202600000000009,Kabir Nair,kabir.nair9@student.local
202600000000010,Yash Joshi,yash.joshi10@student.local
202600000000011,Ananya Gupta,ananya.gupta11@student.local
202600000000012,Diya Iyer,diya.iyer12@student.local
202600000000013,Myra Kapoor,myra.kapoor13@student.local
202600000000014,Saanvi Rao,saanvi.rao14@student.local
202600000000015,Kiara Shah,kiara.shah15@student.local
202600000000016,Avni Reddy,avni.reddy16@student.local
202600000000017,Tanvi Mishra,tanvi.mishra17@student.local
202600000000018,Riya Chawla,riya.chawla18@student.local
202600000000019,Meera Bansal,meera.bansal19@student.local
202600000000020,Prisha Arora,prisha.arora20@student.local
202600000000021,Harsh Vaidya,harsh.vaidya21@student.local
202600000000022,Nikhil Jain,nikhil.jain22@student.local
202600000000023,Atharv More,atharv.more23@student.local
202600000000024,Siddharth Das,siddharth.das24@student.local
202600000000025,Manav Trivedi,manav.trivedi25@student.local
202600000000026,Parth Bhatt,parth.bhatt26@student.local
202600000000027,Dhruv Menon,dhruv.menon27@student.local
202600000000028,Ritvik Sethi,ritvik.sethi28@student.local
202600000000029,Shreyas Purohit,shreyas.purohit29@student.local
202600000000030,Devansh Malhotra,devansh.malhotra30@student.local
202600000000031,Neha Kulshreshtha,neha.kulshreshtha31@student.local
202600000000032,Ira Sen,ira.sen32@student.local
202600000000033,Navya Bhatia,navya.bhatia33@student.local
202600000000034,Aditi Naidu,aditi.naidu34@student.local
202600000000035,Pihu Tiwari,pihu.tiwari35@student.local
202600000000036,Samaira Gill,samaira.gill36@student.local
202600000000037,Anvi Dutta,anvi.dutta37@student.local
202600000000038,Nitya Shetty,nitya.shetty38@student.local
202600000000039,Kavya Pillai,kavya.pillai39@student.local
202600000000040,Shruti Oberoi,shruti.oberoi40@student.local
202600000000041,Rudra Pawar,rudra.pawar41@student.local
202600000000042,Omkar Yadav,omkar.yadav42@student.local
202600000000043,Varun Saxena,varun.saxena43@student.local
202600000000044,Ketan Inamdar,ketan.inamdar44@student.local
202600000000045,Rajveer Solanki,rajveer.solanki45@student.local
202600000000046,Mohit Lamba,mohit.lamba46@student.local
202600000000047,Samar Pradhan,samar.pradhan47@student.local
202600000000048,Pranav Chandra,pranav.chandra48@student.local
202600000000049,Tanmay Gokhale,tanmay.gokhale49@student.local
202600000000050,Vedant Suri,vedant.suri50@student.local
202600000000051,Suhani Rawat,suhani.rawat51@student.local
202600000000052,Khushi Vyas,khushi.vyas52@student.local
202600000000053,Ishita Duggal,ishita.duggal53@student.local
202600000000054,Rutvi Parmar,rutvi.parmar54@student.local
202600000000055,Trisha Banerjee,trisha.banerjee55@student.local
202600000000056,Muskan Sood,muskan.sood56@student.local
202600000000057,Rhea Nanda,rhea.nanda57@student.local
202600000000058,Aisha Kohli,aisha.kohli58@student.local
202600000000059,Palak Narang,palak.narang59@student.local
202600000000060,Sanya Khatri,sanya.khatri60@student.local
202600000000061,Amanpreet Gill,amanpreet.gill61@student.local
202600000000062,Chirag Wadhwa,chirag.wadhwa62@student.local
202600000000063,Deepak Chouhan,deepak.chouhan63@student.local
202600000000064,Gaurav Tomar,gaurav.tomar64@student.local
202600000000065,Hemant Borde,hemant.borde65@student.local
202600000000066,Jatin Bedi,jatin.bedi66@student.local
202600000000067,Kunal Sathe,kunal.sathe67@student.local
202600000000068,Lokesh Wani,lokesh.wani68@student.local
202600000000069,Mukesh Salunke,mukesh.salunke69@student.local
202600000000070,Niraj Thakkar,niraj.thakkar70@student.local
